File,ID,Title,Requisito,Tipo,Prioridade,Complexidade,Status,Missing
Casos_de_Uso_Lote_1.md,UC-001,Escrever textos,,RF,,,Válido,
Casos_de_Uso_Lote_1.md,UC-002,Editar textos,,RF,,,Válido,
Casos_de_Uso_Lote_1.md,UC-003,Salvar textos,,RF,,,Válido,
Casos_de_Uso_Lote_1.md,UC-004,Salvar automaticamente,,RF,,,Válido,
Casos_de_Uso_Lote_1.md,UC-005,Excluir textos,,RF,,,Válido,
Casos_de_Uso_Lote_1.md,UC-006,Duplicar textos,,RF,,,Válido,
Casos_de_Uso_Lote_1.md,UC-007,Importar textos,,RF,,,Válido,
Casos_de_Uso_Lote_1.md,UC-008,Exportar textos,,RF,,,Válido,
Casos_de_Uso_Lote_1.md,UC-009,Separação inteligente de textos,,RF,,,Válido,
Casos_de_Uso_Lote_1.md,UC-010,Organizar texto em pastas,,RF,,,Válido,
Casos_de_Uso_Lote_2.md,UC-011,Organizar texto em subpastas,,RF,,,Válido,
Casos_de_Uso_Lote_2.md,UC-012,Mover textos entre pastas,,RF,,,Válido,
Casos_de_Uso_Lote_2.md,UC-013,Organizar textos por tags,,RF,,,Válido,
Casos_de_Uso_Lote_2.md,UC-014,Organizar textos por categorias,,RF,,,Válido,
Casos_de_Uso_Lote_2.md,UC-015,Reconhecer diversas línguas,,RF,,,Válido,
Casos_de_Uso_Lote_2.md,UC-016,Reconhecer palavras,,RF,,,Válido,
Casos_de_Uso_Lote_2.md,UC-017,Reconhecer frases,,RF,,,Válido,
Casos_de_Uso_Lote_2.md,UC-018,"Reconhecer entidades (personagens, locais, objetos, organizações)",,RF,,,Válido,
Casos_de_Uso_Lote_2.md,UC-019,Auto subpastear algo,,RF,,,Válido,
Casos_de_Uso_Lote_2.md,UC-020,Agrupar palavras,,RF,,,Válido,
Casos_de_Uso_Lote_3.md,UC-021,Agrupar textos semelhantes,,RF,,,Válido,
Casos_de_Uso_Lote_3.md,UC-022,Procurar palavras,,RF,,,Válido,
Casos_de_Uso_Lote_3.md,UC-023,Procurar frases,,RF,,,Válido,
Casos_de_Uso_Lote_3.md,UC-024,Procurar por contexto,,RF,,,Válido,
Casos_de_Uso_Lote_3.md,UC-025,Procurar personagens,,RF,,,Válido,
Casos_de_Uso_Lote_3.md,UC-026,Procurar locais,,RF,,,Válido,
Casos_de_Uso_Lote_3.md,UC-027,Procurar eventos,,RF,,,Válido,
Casos_de_Uso_Lote_3.md,UC-028,Contabilizar palavras,,RF,,,Válido,
Casos_de_Uso_Lote_3.md,UC-029,Contabilizar caracteres,,RF,,,Válido,
Casos_de_Uso_Lote_3.md,UC-030,Reconhecer contexto das palavras,,RF,,,Válido,
Casos_de_Uso_Lote_4.md,UC-031,Reconhecer temas,,RF,,,Válido,
Casos_de_Uso_Lote_4.md,UC-032,Reconhecer palavras-chave,,RF,,,Válido,
Casos_de_Uso_Lote_4.md,UC-033,Linkar palavras a outras baseado no contexto,,RF,,,Válido,
Casos_de_Uso_Lote_4.md,UC-034,Linkar textos baseado no contexto,,RF,,,Válido,
Casos_de_Uso_Lote_4.md,UC-035,Linkar pasta baseado no contexto de seus textos,,RF,,,Válido,
Casos_de_Uso_Lote_4.md,UC-036,Linkar personagens,,RF,,,Válido,
Casos_de_Uso_Lote_4.md,UC-037,Linkar locais,,RF,,,Válido,
Casos_de_Uso_Lote_4.md,UC-038,Linkar objetos,,RF,,,Válido,
Casos_de_Uso_Lote_4.md,UC-039,Linkar eventos,,RF,,,Válido,
Casos_de_Uso_Lote_4.md,UC-040,Entitular textos e pastas,,RF,,,Válido,
Casos_de_Uso_Lote_5.md,UC-041,Auto intitular textos e pastas,,RF,,,Válido,
Casos_de_Uso_Lote_5.md,UC-042,Categorizar textos automaticamente,,RF,,,Válido,
Casos_de_Uso_Lote_5.md,UC-043,Estabelecer uma linha de conexão entre duas palavras ou pastas,,RF,,,Válido,
Casos_de_Uso_Lote_5.md,UC-044,Estabelecer uma linha de conexão entre duas entidades,,RF,,,Válido,
Casos_de_Uso_Lote_5.md,UC-045,Visualizar conexões entre entidades,,RF,,,Válido,
Casos_de_Uso_Lote_5.md,UC-046,Reconhecer contradições no texto,,RF,,,Válido,
Casos_de_Uso_Lote_5.md,UC-047,Reconhecer contradições em textos entre pastas,,RF,,,Válido,
Casos_de_Uso_Lote_5.md,UC-048,Reconhecer contradições cronológicas,,RF,,,Válido,
Casos_de_Uso_Lote_5.md,UC-049,Reconhecer contradições entre personagens,,RF,,,Válido,
Casos_de_Uso_Lote_5.md,UC-050,Reconhecer contradições entre locais,,RF,,,Válido,
Casos_de_Uso_Lote_6.md,UC-051,Reconhecer contradições entre eventos,,RF,,,Válido,
Casos_de_Uso_Lote_6.md,UC-052,Gerar resumo de textos,,RF,,,Válido,
Casos_de_Uso_Lote_6.md,UC-053,Gerar palavras-chave automaticamente,,RF,,,Válido,
Casos_de_Uso_Lote_6.md,UC-054,Gerar sugestões de conexão,,RF,,,Válido,
Casos_de_Uso_Lote_6.md,UC-055,Criar linha do tempo,,RF,,,Válido,
Casos_de_Uso_Lote_6.md,UC-056,Relacionar eventos na linha do tempo,,RF,,,Válido,
Casos_de_Uso_Lote_6.md,UC-057,Ter visualização em grafo,,RF,,,Válido,
Casos_de_Uso_Lote_6.md,UC-058,Ter visualização cronológica,,RF,,,Válido,
Casos_de_Uso_Lote_6.md,UC-059,Montar árvores genealógicas,,RF,,,Válido,
Casos_de_Uso_Lote_6.md,UC-060,Auto montar árvores genealógicas baseados no texto,,RF,,,Válido,
Casos_de_Uso_Lote_7.md,UC-061,Listar todas atividades feitas automaticamente pelo sistema,,RF,,,Válido,
Casos_de_Uso_Lote_7.md,UC-062,Poder desenhar entre o texto,,RF,,,Válido,
Casos_de_Uso_Lote_7.md,UC-063,Ter opções de fonte,,RF,,,Válido,
Casos_de_Uso_Lote_7.md,UC-064,Exportar como zip com todas pastas textos e conexões,,RF,,,Válido,
Casos_de_Uso_Lote_7.md,UC-065,Colar imagens em textos,,RF,,,Válido,
Casos_de_Uso_Lote_7.md,UC-066,Desenhar a capa das pastas,,RF,,,Válido,
Casos_de_Uso_Lote_7.md,UC-067,Colocar imagens como capa de pastas,,RF,,,Válido,
Casos_de_Uso_Lote_7.md,UC-068,Colocar imagens como capa de textos,,RF,,,Válido,
Casos_de_Uso_Lote_7.md,UC-069,Colocar imagens e texto como capa de pastas e texto,,RF,,,Válido,
Casos_de_Uso_Lote_7.md,UC-070,Simular impacto de alterações no universo,,RF,,,Válido,
Casos_de_Uso_Lote_8.md,UC-071,Mostrar quais textos serão afetados por uma alteração,,RF,,,Válido,
Casos_de_Uso_Lote_8.md,UC-072,Mostrar cadeia de dependências entre entidades,,RF,,,Válido,
Casos_de_Uso_Lote_8.md,UC-073,Mostrar inconsistências antes de salvar,,RF,,,Válido,
Casos_de_Uso_Lote_8.md,UC-074,Explicar por que duas entidades foram conectadas,,RF,,,Válido,
Casos_de_Uso_Lote_8.md,UC-075,Explicar por que existe uma contradição,,RF,,,Válido,
Casos_de_Uso_Lote_8.md,UC-076,Permitir múltiplas linhas do tempo paralelas,,RF,,,Válido,
Casos_de_Uso_Lote_8.md,UC-077,Permitir universos alternativos,,RF,,,Válido,
Casos_de_Uso_Lote_8.md,UC-078,Comparar duas versões do universo,,RF,,,Válido,
Casos_de_Uso_Lote_8.md,UC-079,Comparar duas linhas do tempo,,RF,,,Válido,
Casos_de_Uso_Lote_8.md,UC-080,Fazer ramificacoes temporárias,,RF,,,Válido,
Casos_de_Uso_Lote_9.md,UC-081,Compartilhar projetos,,RF,,,Válido,
Casos_de_Uso_Lote_9.md,UC-082,Compartilhar textos,,RF,,,Válido,
Casos_de_Uso_Lote_9.md,UC-083,Controlar permissões de acesso,,RF,,,Válido,
Casos_de_Uso_Lote_9.md,UC-084,Personalizar interface,,RF,,,Válido,
Casos_de_Uso_Lote_9.md,UC-085,Personalizar cores,,RF,,,Válido,
Casos_de_Uso_Lote_9.md,UC-086,Personalizar ícones,,RF,,,Válido,
Casos_de_Uso_Lote_9.md,UC-087,Reconhecer OCR em imagens,,RF,,,Válido,
Casos_de_Uso_Lote_9.md,UC-088,Extrair texto de imagens,,RF,,,Válido,
Casos_de_Uso_Lote_9.md,UC-089,Gerar PDF ilustrado do universo,,RF,,,Válido,
Casos_de_Uso_Lote_9.md,UC-090,Gerar wiki automaticamente,,RF,,,Válido,
Casos_de_Uso_Lote_10.md,UC-091,Gerar documentação automaticamente,,RF,,,Válido,
Casos_de_Uso_Lote_10.md,UC-092,Padronizar nomes automaticamente,,RF,,,Válido,
Casos_de_Uso_Lote_10.md,UC-093,Visualizar estatísticas do projeto,,RF,,,Válido,
Casos_de_Uso_Lote_10.md,UC-094,Visualizar entidades mais conectadas,,RF,,,Válido,
Casos_de_Uso_Lote_10.md,UC-095,Visualizar textos mais relacionados,,RF,,,Válido,
Casos_de_Uso_Lote_10.md,UC-096,Filtrar grafo por tipo,,RF,,,Válido,
Casos_de_Uso_Lote_10.md,UC-097,Filtrar grafo por período,,RF,,,Válido,
Casos_de_Uso_Lote_10.md,UC-098,Filtrar grafo por personagem,,RF,,,Válido,
Casos_de_Uso_Lote_10.md,UC-099,Criar mapas geográficos,,RF,,,Válido,
Casos_de_Uso_Lote_10.md,UC-100,Relacionar locais ao mapa,,RF,,,Válido,
Casos_de_Uso_Lote_11.md,UC-101,Posicionar entidades no mapa,,RF,,,Válido,
Casos_de_Uso_Lote_11.md,UC-102,Criar mapas mentais,,RF,,,Válido,
Casos_de_Uso_Lote_11.md,UC-103,Converter grafo em mapa mental,,RF,,,Válido,
Casos_de_Uso_Lote_11.md,UC-104,Converter mapa mental em grafo,,RF,,,Válido,
Casos_de_Uso_Lote_11.md,UC-105,Gerar perguntas sobre o universo,,RF,,,Válido,
Casos_de_Uso_Lote_11.md,UC-106,Responder perguntas sobre o universo,,RF,,,Válido,
Casos_de_Uso_Lote_11.md,UC-107,Identificar entidades automaticamente,,RF,,,Válido,
Casos_de_Uso_Lote_11.md,UC-108,Atualizar entidades automaticamente,,RF,,,Válido,
Casos_de_Uso_Lote_11.md,UC-109,Fundir entidades duplicadas,,RF,,,Válido,
Casos_de_Uso_Lote_11.md,UC-110,Criar hyperlinks entre textos,,RF,,,Válido,
Casos_de_Uso_Lote_12.md,UC-111,Criar hyperlinks externos,,RF,,,Válido,
Casos_de_Uso_Lote_12.md,UC-112,Visualizar backlinks,,RF,,,Válido,
Casos_de_Uso_Lote_12.md,UC-113,Criar automaticamente hyperlinks e backlinks,,RF,,,Válido,
Casos_de_Uso_Lote_12.md,UC-114,Comentar em textos,,RF,,,Válido,
Casos_de_Uso_Lote_12.md,UC-115,Adicionar anotações,,RF,,,Válido,
Casos_de_Uso_Lote_12.md,UC-116,Adicionar lembretes,,RF,,,Válido,
Casos_de_Uso_Lote_12.md,UC-117,Criar múltiplos projetos,,RF,,,Válido,
Casos_de_Uso_Lote_12.md,UC-118,Alternar entre projetos,,RF,,,Válido,
Casos_de_Uso_Lote_12.md,UC-119,Duplicar projeto,,RF,,,Válido,
Casos_de_Uso_Lote_12.md,UC-120,Importar projetos,,RF,,,Válido,
Casos_de_Uso_Lote_13.md,UC-121,Exportar projetos,,RF,,,Válido,
Casos_de_Uso_Lote_13.md,UC-122,Desfazer alterações,,RF,,,Válido,
Casos_de_Uso_Lote_13.md,UC-123,Refazer alterações,,RF,,,Válido,
Casos_de_Uso_Lote_13.md,UC-124,Histórico de versões,,RF,,,Válido,
Casos_de_Uso_Lote_13.md,UC-125,Restaurar versões anteriores,,RF,,,Válido,
Casos_de_Uso_Lote_13.md,UC-126,Favoritar textos,,RF,,,Válido,
Casos_de_Uso_Lote_13.md,UC-127,Arquivar textos,,RF,,,Válido,
Casos_de_Uso_Lote_13.md,UC-128,Fixar textos,,RF,,,Válido,
Casos_de_Uso_Lote_13.md,UC-129,Cadastrar e autenticar usuários,,RF,,,Válido,
Casos_de_Uso_Lote_13.md,UC-130,Recuperar senha,,RF,,,Válido,
Casos_de_Uso_Lote_14.md,UC-131,Editar perfil do usuário,,RF,,,Válido,
Casos_de_Uso_Lote_14.md,UC-132,Edição colaborativa em tempo real,,RF,,,Válido,
Casos_de_Uso_Lote_14.md,UC-133,Mencionar usuários em comentários,,RF,,,Válido,
Casos_de_Uso_Lote_14.md,UC-134,Notificar usuários sobre alterações relevantes,,RF,,,Válido,
Casos_de_Uso_Lote_14.md,UC-135,Convidar colaboradores por link,,RF,,,Válido,
Casos_de_Uso_Lote_14.md,UC-136,Registrar log de quem editou o quê e quando,,RF,,,Válido,
Casos_de_Uso_Lote_14.md,UC-137,Criar modelos de textos,,RF,,,Válido,
Casos_de_Uso_Lote_14.md,UC-138,Criar modelos de estrutura de pastas,,RF,,,Válido,
Casos_de_Uso_Lote_14.md,UC-139,Definir metas de escrita (palavras/dia),,RF,,,Válido,
Casos_de_Uso_Lote_14.md,UC-140,Acompanhar sequência de dias escrevendo (streak),,RF,,,Válido,
Casos_de_Uso_Lote_15.md,UC-141,Modo foco / tela sem distrações,,RF,,,Válido,
Casos_de_Uso_Lote_15.md,UC-142,Atalhos de teclado personalizáveis,,RF,,,Válido,
Casos_de_Uso_Lote_15.md,UC-143,Corretor ortográfico e gramatical,,RF,,,Válido,
Casos_de_Uso_Lote_15.md,UC-144,Detectar excesso de repetição de palavras (estilo),,RF,,,Válido,
Casos_de_Uso_Lote_15.md,UC-145,Analisar ritmo/pacing do texto,,RF,,,Válido,
Casos_de_Uso_Lote_15.md,UC-146,Detectar variações de nome do mesmo personagem,,RF,,,Válido,
Casos_de_Uso_Lote_15.md,UC-147,Sugerir fusão de entidades semelhantes automaticamente,,RF,,,Válido,
Casos_de_Uso_Lote_15.md,UC-148,Analisar arco emocional do texto por capítulo,,RF,,,Válido,
Casos_de_Uso_Lote_15.md,UC-149,Mapear arco de desenvolvimento de personagem,,RF,,,Válido,
Casos_de_Uso_Lote_15.md,UC-150,"Marcar papel narrativo (protagonista, antagonista, secundário)",,RF,,,Válido,
Casos_de_Uso_Lote_16.md,UC-151,Verificar consistência de idade/data de nascimento de personagens,,RF,,,Válido,
Casos_de_Uso_Lote_16.md,UC-152,"Marcar status do texto (rascunho, revisão, finalizado)",,RF,,,Válido,
Casos_de_Uso_Lote_16.md,UC-153,Criar fluxo de aprovação/revisão entre colaboradores,,RF,,,Válido,
Casos_de_Uso_Lote_16.md,UC-154,Favoritar pastas,,RF,,,Válido,
Casos_de_Uso_Lote_16.md,UC-155,Fixar pastas,,RF,,,Válido,
Casos_de_Uso_Lote_16.md,UC-156,Arquivar pastas,,RF,,,Válido,
Casos_de_Uso_Lote_16.md,UC-157,Mover para lixeira com restauração posterior,,RF,,,Válido,
Casos_de_Uso_Lote_16.md,UC-158,Responder perguntas citando a fonte (texto/trecho),,RF,,,Válido,
Casos_de_Uso_Lote_16.md,UC-159,Alternar tema claro/escuro,,RF,,,Válido,
Casos_de_Uso_Lote_16.md,UC-160,Suporte a leitor de tela (acessibilidade),,RF,,,Válido,
Casos_de_Uso_Lote_17.md,UC-161,Exportar textos em formato PDF,,RF,,,Válido,
Casos_de_Uso_Lote_17.md,UC-162,Exportar textos em formato EPUB,,RF,,,Válido,
Casos_de_Uso_Lote_17.md,UC-163,Exportar textos em formato DOCX,,RF,,,Válido,
Casos_de_Uso_Lote_17.md,UC-164,Visualizar modo tela cheia (editor),,RF,,,Válido,
Casos_de_Uso_Lote_17.md,UC-165,Criar cronologia alternativa (linha do tempo paralela),,RF,,,Válido,
Casos_de_Uso_Lote_17.md,UC-166,Alternar entre cronologias,,RF,,,Válido,
Casos_de_Uso_Lote_17.md,UC-167,Associar eventos da cronologia a locais específicos,,RF,,,Válido,
Casos_de_Uso_Lote_17.md,UC-168,Visualizar eventos no mapa geográfico,,RF,,,Válido,
Casos_de_Uso_Lote_17.md,UC-169,Filtrar eventos por personagem,,RF,,,Válido,
Casos_de_Uso_Lote_17.md,UC-170,Filtrar eventos por local,,RF,Alta,Média,Incompleto,"Prioridade, Complexidade"
Casos_de_Uso_Lote_18.md,UC-171,Exportar cronologia (PDF/imagem),,RF,,,Válido,
Casos_de_Uso_Lote_18.md,UC-172,Visualizar árvore genealógica de personagens,,RF,,,Válido,
Casos_de_Uso_Lote_18.md,UC-173,"Criar relações de parentesco (pai, mãe, filhos, cônjuges)",,RF,,,Válido,
Casos_de_Uso_Lote_18.md,UC-174,Atualizar árvore genealógica automaticamente a partir de relações,,RF,,,Válido,
Casos_de_Uso_Lote_18.md,UC-175,Visualizar linhagem familiar (ascendentes/descendentes),,RF,,,Válido,
Casos_de_Uso_Lote_18.md,UC-176,Marcar facção/organização do personagem,,RF,,,Válido,
Casos_de_Uso_Lote_18.md,UC-177,Filtrar personagens por facção/organização,,RF,,,Válido,
Casos_de_Uso_Lote_18.md,UC-178,Visualizar rede de facções (grafo de organizações),,RF,,,Válido,
Casos_de_Uso_Lote_18.md,UC-179,Criar brasão/insígnia de facções (gerador visual ou upload),,RF,,,Válido,
Casos_de_Uso_Lote_18.md,UC-180,Associar locais a facções (território de controle),,RF,Alta,Alta,Incompleto,"Prioridade, Complexidade"
Casos_de_Uso_Lote_19.md,UC-181,Associar eventos à facção,,RF,,,Válido,
Casos_de_Uso_Lote_19.md,UC-182,Visualizar histórico de guerras e tratados,,RF,,,Válido,
Casos_de_Uso_Lote_19.md,UC-183,Cadastrar idiomas fictícios,,RF,,,Válido,
Casos_de_Uso_Lote_19.md,UC-184,Traduzir palavras/frases para idioma fictício (dicionário),,RF,,,Válido,
Casos_de_Uso_Lote_19.md,UC-185,Gerador de nomes com base no idioma fictício,,RF,,,Válido,
Casos_de_Uso_Lote_19.md,UC-186,Estimar tempo de leitura do texto,,RF,,,Válido,
Casos_de_Uso_Lote_19.md,UC-187,"Modo leitura (sem edição, layout limpo)",,RF,,,Válido,
Casos_de_Uso_Lote_19.md,UC-188,Exportar para HTML,,RF,,,Válido,
Casos_de_Uso_Lote_19.md,UC-189,Exportar para Markdown,,RF,,,Válido,
Casos_de_Uso_Lote_19.md,UC-190,Exportar para TXT,,RF,Alta,Baixa,Incompleto,"Prioridade, Complexidade"
Casos_de_Uso_Lote_20.md,UC-191,Importar textos em formato HTML,,RF,,,Válido,
Casos_de_Uso_Lote_20.md,UC-192,Importar textos em formato Markdown,,RF,,,Válido,
Casos_de_Uso_Lote_20.md,UC-193,Importar textos em formato TXT,,RF,,,Válido,
Casos_de_Uso_Lote_20.md,UC-194,Importar textos em formato DOCX,,RF,,,Válido,
Casos_de_Uso_Lote_20.md,UC-195,Visualizar histórico de alterações por colaborador,,RF,,,Válido,
Casos_de_Uso_Lote_20.md,UC-196,Comparar versões de textos (diff side-by-side),,RF,,,Válido,
Casos_de_Uso_Lote_20.md,UC-197,Restaurar versão específica,,RF,,,Válido,
Casos_de_Uso_Lote_20.md,UC-198,Criar ramificação do texto (branch) para testes,,RF,,,Válido,
Casos_de_Uso_Lote_20.md,UC-199,Mesclar ramificação de volta ao texto principal (merge),,RF,,,Válido,
Casos_de_Uso_Lote_20.md,UC-200,Gerenciar conflitos na mesclagem,,RF,Média,Alta,Incompleto,"Prioridade, Complexidade"
Casos_de_Uso_Lote_21.md,UC-201,Visualizar estatísticas de produtividade do colaborador,,RF,,,Válido,
Casos_de_Uso_Lote_21.md,UC-202,Exportar estatísticas do projeto (CSV/PDF),,RF,,,Válido,
Casos_de_Uso_Lote_21.md,UC-203,Criar metas de produtividade em equipe,,RF,,,Válido,
Casos_de_Uso_Lote_21.md,UC-204,Acompanhar progresso da equipe (meta coletiva),,RF,,,Válido,
Casos_de_Uso_Lote_21.md,UC-205,Alternar permissão de escrita de pasta (bloquear/liberar),,RF,,,Válido,
Casos_de_Uso_Lote_21.md,UC-206,Transferir propriedade do projeto,,RF,,,Válido,
Casos_de_Uso_Lote_21.md,UC-207,Remover colaboradores do projeto,,RF,,,Válido,
Casos_de_Uso_Lote_21.md,UC-208,Sair do projeto colaborativo,,RF,,,Válido,
Casos_de_Uso_Lote_21.md,UC-209,Rebaixar permissão de colaborador para leitor,,RF,,,Válido,
Casos_de_Uso_Lote_21.md,UC-210,Promover permissão de leitor para colaborador,,RF,Alta,Baixa,Incompleto,"Prioridade, Complexidade"
Casos_de_Uso_Lote_22.md,UC-211,Visualizar lista de colaboradores online no projeto,,RF,,,Válido,
Casos_de_Uso_Lote_22.md,UC-212,Bloquear edições em arquivos específicos (concorrente),,RF,,,Válido,
Casos_de_Uso_Lote_22.md,UC-213,Visualizar quem está editando qual arquivo/campo (cursor),,RF,,,Válido,
Casos_de_Uso_Lote_22.md,UC-214,Enviar mensagens de chat internas no projeto,,RF,,,Válido,
Casos_de_Uso_Lote_22.md,UC-215,Criar canais de chat por assunto/pasta,,RF,,,Válido,
Casos_de_Uso_Lote_22.md,UC-216,Arquivar mensagens do chat,,RF,,,Válido,
Casos_de_Uso_Lote_22.md,UC-217,Limpar histórico de chat,,RF,,,Válido,
Casos_de_Uso_Lote_22.md,UC-218,Fixar mensagens importantes no chat,,RF,,,Válido,
Casos_de_Uso_Lote_22.md,UC-219,Notificar sobre novas mensagens no chat,,RF,,,Válido,
Casos_de_Uso_Lote_22.md,UC-220,Configurar notificações de e-mail (frequência),,RF,,,Válido,
Casos_de_Uso_Lote_23.md,UC-221,Configurar notificações push (sistema),,RF,,,Válido,
Casos_de_Uso_Lote_23.md,UC-222,Integrar com Google Drive (salvamento/exportação),,RF,,,Válido,
Casos_de_Uso_Lote_23.md,UC-223,Integrar com Dropbox,,RF,,,Válido,
Casos_de_Uso_Lote_23.md,UC-224,Integrar com OneDrive,,RF,,,Válido,
Casos_de_Uso_Lote_23.md,UC-225,Exportar projeto em formato compactado (.zip),,RF,,,Válido,
Casos_de_Uso_Lote_23.md,UC-226,Importar projeto de formato compactado (.zip),,RF,,,Válido,
Casos_de_Uso_Lote_23.md,UC-227,Restaurar backup completo do projeto,,RF,,,Válido,
Casos_de_Uso_Lote_23.md,UC-228,Criar ponto de restauração manual (backup),,RF,,,Válido,
Casos_de_Uso_Lote_23.md,UC-229,Enviar notificações por e-mail (comentários/menções),,RF,,,Válido,
Casos_de_Uso_Lote_23.md,UC-230,Ativar/desativar notificações por e-mail no perfil,,RF,Alta,Baixa,Incompleto,"Prioridade, Complexidade"
Casos_de_Uso_Lote_24.md,UC-231,Autenticação em dois fatores (2FA),,RF,,,Válido,
Casos_de_Uso_Lote_24.md,UC-232,Login com chave de segurança física (WebAuthn/FIDO2),,RF,,,Válido,
Casos_de_Uso_Lote_24.md,UC-233,Visualizar histórico de sessões ativas (dispositivos),,RF,,,Válido,
Casos_de_Uso_Lote_24.md,UC-234,Revogar sessão ativa (deslogar remotamente),,RF,,,Válido,
Casos_de_Uso_Lote_24.md,UC-235,Alterar senha logado (confirmar senha atual),,RF,,,Válido,
Casos_de_Uso_Lote_24.md,UC-236,Excluir conta de usuário (LGPD/GDPR),,RF,,,Válido,
Casos_de_Uso_Lote_24.md,UC-237,"Integração com login social (Google, Apple, Facebook)",,RF,,,Válido,
Casos_de_Uso_Lote_24.md,UC-238,Baixar todos os dados do usuário (portabilidade),,RF,,,Válido,
Casos_de_Uso_Lote_24.md,UC-239,Suporte a múltiplos idiomas no sistema (i18n),,RF,,,Válido,
Casos_de_Uso_Lote_24.md,UC-240,Alternar idioma do sistema,,RF,Média,Baixa,Incompleto,"Prioridade, Complexidade"
Casos_de_Uso_Lote_25.md,UC-241,Suporte a atalhos de teclado para leitores de tela,,RF,,,Válido,
Casos_de_Uso_Lote_25.md,UC-242,Contraste ajustável (acessibilidade),,RF,,,Válido,
Casos_de_Uso_Lote_25.md,UC-243,Aumentar/diminuir tamanho da fonte (acessibilidade),,RF,,,Válido,
Casos_de_Uso_Lote_25.md,UC-244,Alternar fonte do editor (serifada/sem serifa/mono),,RF,,,Válido,
Casos_de_Uso_Lote_25.md,UC-245,Habilitar modo tela cheia no modo leitura,,RF,,,Válido,
Casos_de_Uso_Lote_25.md,UC-246,Visualizar sumário interativo do texto (tabela de conteúdos),,RF,,,Válido,
Casos_de_Uso_Lote_25.md,UC-247,Gerar sumário automaticamente a partir de títulos,,RF,,,Válido,
Casos_de_Uso_Lote_25.md,UC-248,Reorganizar capítulos arrastando no sumário,,RF,,,Válido,
Casos_de_Uso_Lote_25.md,UC-249,Buscar no sumário interativo,,RF,,,Válido,
Casos_de_Uso_Lote_25.md,UC-250,Criar sumário personalizado,,RF,Média,Média,Incompleto,"Prioridade, Complexidade"
Casos_de_Uso_Lote_26.md,UC-251,Cadastrar árvore de tecnologias/magias (sistema),,RF,,,Válido,
Casos_de_Uso_Lote_26.md,UC-252,Associar tecnologias/magias a personagens (habilidades),,RF,,,Válido,
Casos_de_Uso_Lote_26.md,UC-253,Associar tecnologias/magias a facções (desenvolvimento),,RF,,,Válido,
Casos_de_Uso_Lote_26.md,UC-254,Visualizar árvore de tecnologias/magias (grafo de progresso),,RF,,,Válido,
Casos_de_Uso_Lote_26.md,UC-255,Filtrar árvore de tecnologias/magias por personagem,,RF,,,Válido,
Casos_de_Uso_Lote_26.md,UC-256,Filtrar árvore de tecnologias/magias por facção,,RF,,,Válido,
Casos_de_Uso_Lote_26.md,UC-257,Cadastrar religiões/mitologias,,RF,,,Válido,
Casos_de_Uso_Lote_26.md,UC-258,Associar personagens a religiões/mitologias (crença),,RF,,,Válido,
Casos_de_Uso_Lote_26.md,UC-259,Associar locais a religiões/mitologias (locais sagrados),,RF,,,Válido,
Casos_de_Uso_Lote_26.md,UC-260,Visualizar mapa de religiões/mitologias (influência),,RF,Média,Alta,Incompleto,"Prioridade, Complexidade"
Casos_de_Uso_Lote_27.md,UC-261,Cadastrar eventos de timeline com múltiplos finais,,RF,,,Válido,
Casos_de_Uso_Lote_27.md,UC-262,Visualizar ramos alternativos na cronologia (paralelas),,RF,,,Válido,
Casos_de_Uso_Lote_27.md,UC-263,Mesclar ramos alternativos na cronologia,,RF,,,Válido,
Casos_de_Uso_Lote_27.md,UC-264,Exportar cronologia interativa em formato HTML/JS,,RF,,,Válido,
Casos_de_Uso_Lote_27.md,UC-265,Criar conexões entre mapas geográficos (mapas aninhados/regiões),,RF,,,Válido,
Casos_de_Uso_Lote_27.md,UC-266,Navegar entre mapas aninhados (zoom in/out de região),,RF,,,Válido,
Casos_de_Uso_Lote_27.md,UC-267,Importar mapas geográficos (arquivos de imagem),,RF,,,Válido,
Casos_de_Uso_Lote_27.md,UC-268,Exportar mapas geográficos (imagem com pinos),,RF,,,Válido,
Casos_de_Uso_Lote_27.md,UC-269,Associar imagens a entidades no mapa (fotos/capas),,RF,,,Válido,
Casos_de_Uso_Lote_27.md,UC-270,Visualizar galeria de imagens do projeto,,RF,Média,Média,Incompleto,"Prioridade, Complexidade"
Casos_de_Uso_Lote_28.md,UC-271,Pesquisar imagens por tag/entidade,,RF,,,Válido,
Casos_de_Uso_Lote_28.md,UC-272,Excluir imagens da galeria,,RF,,,Válido,
Casos_de_Uso_Lote_28.md,UC-273,Compactar imagens automaticamente no upload (otimização),,RF,,,Válido,
Casos_de_Uso_Lote_28.md,UC-274,Baixar imagens individuais da galeria,,RF,,,Válido,
Casos_de_Uso_Lote_28.md,UC-275,Exportar todas as imagens do projeto (.zip),,RF,,,Válido,
Casos_de_Uso_Lote_28.md,UC-276,Cadastrar fichas de criaturas/monstros (bestiário),,RF,,,Válido,
Casos_de_Uso_Lote_28.md,UC-277,Associar locais a criaturas/monstros (habitat),,RF,,,Válido,
Casos_de_Uso_Lote_28.md,UC-278,Filtrar criaturas/monstros por local (habitat),,RF,,,Válido,
Casos_de_Uso_Lote_28.md,UC-279,Criar habilidades de criaturas/monstros,,RF,,,Válido,
Casos_de_Uso_Lote_28.md,UC-280,Associar imagens a fichas de criaturas/monstros (ilustrações),,RF,Alta,Baixa,Incompleto,"Prioridade, Complexidade"
Casos_de_Uso_Lote_29.md,UC-281,Cadastrar fichas de itens/objetos (inventário),,RF,,,Válido,
Casos_de_Uso_Lote_29.md,UC-282,Associar itens/objetos a personagens (posse),,RF,,,Válido,
Casos_de_Uso_Lote_29.md,UC-283,Associar itens/objetos a locais (localização),,RF,,,Válido,
Casos_de_Uso_Lote_29.md,UC-284,Filtrar itens/objetos por personagem (inventário pessoal),,RF,,,Válido,
Casos_de_Uso_Lote_29.md,UC-285,Filtrar itens/objetos por local (tesouro/depósito),,RF,,,Válido,
Casos_de_Uso_Lote_29.md,UC-286,Criar propriedades/efeitos de itens/objetos,,RF,,,Válido,
Casos_de_Uso_Lote_29.md,UC-287,Associar imagens a fichas de itens/objetos (ilustrações),,RF,,,Válido,
Casos_de_Uso_Lote_29.md,UC-288,Cadastrar fichas de eventos históricos (enciclopédia),,RF,,,Válido,
Casos_de_Uso_Lote_29.md,UC-289,Associar personagens a eventos históricos (participação),,RF,,,Válido,
Casos_de_Uso_Lote_29.md,UC-290,Associar locais a eventos históricos (palco do evento),,RF,Alta,Baixa,Incompleto,"Prioridade, Complexidade"
Casos_de_Uso_Lote_30.md,UC-291,Associar facções a eventos históricos (envolvimento/aliança),,RF,,,Válido,
Casos_de_Uso_Lote_30.md,UC-292,Filtrar eventos históricos por personagem (biografia histórica),,RF,,,Válido,
Casos_de_Uso_Lote_30.md,UC-293,Filtrar eventos históricos por local (histórico local),,RF,,,Válido,
Casos_de_Uso_Lote_30.md,UC-294,Filtrar eventos históricos por facção (participação política),,RF,,,Válido,
Casos_de_Uso_Lote_30.md,UC-295,Associar imagens a fichas de eventos históricos (ilustrações/cenas),,RF,,,Válido,
Casos_de_Uso_Lote_30.md,UC-296,Criar relatórios de inconsistências de timeline (violação lógica),,RF,,,Válido,
Casos_de_Uso_Lote_30.md,UC-297,Sugerir correções para inconsistências de timeline,,RF,,,Válido,
Casos_de_Uso_Lote_30.md,UC-298,Habilitar modo de coautor (bloqueio de capítulo por usuário),,RF,,,Válido,
Casos_de_Uso_Lote_30.md,UC-299,Habilitar chat de coautores no documento (comentário em tempo real),,RF,,,Válido,
Casos_de_Uso_Lote_30.md,UC-300,Visualizar histórico de alterações por coautor,,RF,Alta,Alta,Incompleto,"Prioridade, Complexidade"
Casos_de_Uso_Lote_31.md,UC-301,Cadastrar funcionários,,RF,,,Válido,
Casos_de_Uso_Lote_31.md,UC-302,Gerenciar cargos e níveis salariais,,RF,,,Válido,
Casos_de_Uso_Lote_31.md,UC-303,Calcular folha de pagamento,,RF,,,Válido,
Casos_de_Uso_Lote_31.md,UC-304,"Gerenciar benefícios (vale, plano de saúde, etc.)",,RF,,,Válido,
Casos_de_Uso_Lote_31.md,UC-305,Controlar férias e ausências,,RF,,,Válido,
Casos_de_Uso_Lote_31.md,UC-306,Registrar ponto/horas trabalhadas,,RF,,,Válido,
Casos_de_Uso_Lote_31.md,UC-307,Gerenciar processo de admissão,,RF,,,Válido,
Casos_de_Uso_Lote_31.md,UC-308,Gerenciar processo de desligamento,,RF,,,Válido,
Casos_de_Uso_Lote_31.md,UC-309,Avaliar desempenho de funcionários,,RF,,,Válido,
Casos_de_Uso_Lote_31.md,UC-310,Emitir holerite/contracheque,,RF,Alta,Média,Incompleto,"Prioridade, Complexidade"
Casos_de_Uso_Lote_32.md,UC-311,Gerenciar contratos de trabalho,,RF,,,Válido,
Casos_de_Uso_Lote_32.md,UC-312,Calcular impostos e encargos trabalhistas,,RF,,,Válido,
Casos_de_Uso_Lote_32.md,UC-313,Gerenciar referências bibliográficas,,RF,,,Válido,
Casos_de_Uso_Lote_32.md,UC-314,Anotar PDFs de artigos científicos,,RF,,,Válido,
Casos_de_Uso_Lote_32.md,UC-315,Extrair citações automaticamente de PDFs,,RF,,,Válido,
Casos_de_Uso_Lote_32.md,UC-316,"Gerar bibliografia em formatos (ABNT, APA, etc.)",,RF,,,Válido,
Casos_de_Uso_Lote_32.md,UC-317,Vincular notas de pesquisa a fontes,,RF,,,Válido,
Casos_de_Uso_Lote_32.md,UC-318,Rastrear hipóteses e experimentos,,RF,,,Válido,
Casos_de_Uso_Lote_32.md,UC-319,Versionar datasets de pesquisa,,RF,,,Válido,
Casos_de_Uso_Lote_32.md,UC-320,Colaborar em revisão de literatura,,RF,Média,Média,Incompleto,"Prioridade, Complexidade"
Casos_de_Uso_Lote_33.md,UC-321,Exportar conteúdo para LaTeX,,RF,,,Válido,
Casos_de_Uso_Lote_33.md,UC-322,Registrar metodologia de pesquisa,,RF,,,Válido,
Casos_de_Uso_Lote_33.md,UC-323,Gerenciar coautores e contribuições,,RF,,,Válido,
Casos_de_Uso_Lote_33.md,UC-324,Formatar texto em formatos científicos variáveis,,RF,,,Válido,
Casos_de_Uso_Lote_33.md,UC-325,Exportar textos em docx / criar notas atômicas (uma ideia por nota),,RF,,,Válido,
Casos_de_Uso_Lote_33.md,UC-326,Linkar notas bidirecionalmente,,RF,,,Válido,
Casos_de_Uso_Lote_33.md,UC-327,Criar mapa de conhecimento pessoal (zettelkasten),,RF,,,Válido,
Casos_de_Uso_Lote_33.md,UC-328,Revisar notas periodicamente (spaced repetition),,RF,,,Válido,
Casos_de_Uso_Lote_33.md,UC-329,Capturar conteúdo da web rapidamente (web clipper),,RF,,,Válido,
Casos_de_Uso_Lote_33.md,UC-330,Transformar notas soltas em nota permanente,,RF,Média,Baixa,Incompleto,"Prioridade, Complexidade"
Casos_de_Uso_Lote_34.md,UC-331,Criar índice de notas (MOC - Map of Content),,RF,,,Válido,
Casos_de_Uso_Lote_34.md,UC-332,Sugerir notas relacionadas ao escrever,,RF,,,Válido,
Casos_de_Uso_Lote_34.md,UC-333,Documentar mecânicas de jogo,,RF,,,Válido,
Casos_de_Uso_Lote_34.md,UC-334,Documentar sistema de regras,,RF,,,Válido,
Casos_de_Uso_Lote_34.md,UC-335,Balancear atributos/estatísticas de personagens jogáveis,,RF,,,Válido,
Casos_de_Uso_Lote_34.md,UC-336,Documentar níveis/fases do jogo,,RF,,,Válido,
Casos_de_Uso_Lote_34.md,UC-337,Versionar regras de jogo,,RF,,,Válido,
Casos_de_Uso_Lote_34.md,UC-337,Simular resultado de combate/interação com base em regras,,RF,,,Válido,
Casos_de_Uso_Lote_34.md,UC-339,"Documentar economia interna do jogo (itens, moedas, trocas)",,RF,,,Válido,
Casos_de_Uso_Lote_34.md,UC-340,Criar pauta de reunião,,RF,Alta,Média,Incompleto,"Prioridade, Complexidade"
Casos_de_Uso_Lote_35.md,UC-341,Registrar ata de reunião,,RF,,,Válido,
Casos_de_Uso_Lote_35.md,UC-342,Vincular decisões de reunião a tarefas geradas,,RF,,,Válido,
Casos_de_Uso_Lote_35.md,UC-343,Registrar participantes e responsabilidades definidas,,RF,,,Válido,
Casos_de_Uso_Lote_35.md,UC-344,Rastrear pendências (action items) até conclusão,,RF,,,Válido,
Casos_de_Uso_Lote_35.md,UC-345,Gerar resumo automático de reunião,,RF,,,Válido,
Casos_de_Uso_Lote_35.md,UC-346,Definir objetivos (OKRs) por time ou projeto,,RF,,,Válido,
Casos_de_Uso_Lote_35.md,UC-347,Vincular tarefas/sprints a objetivos estratégicos,,RF,,,Válido,
Casos_de_Uso_Lote_35.md,UC-348,Acompanhar progresso de metas ao longo do tempo,,RF,,,Válido,
Casos_de_Uso_Lote_35.md,UC-349,Gerar relatório de atingimento de metas,,RF,,,Válido,
Casos_de_Uso_Lote_35.md,UC-350,Revisar metas periodicamente (check-in),,RF,Alta,Média,Incompleto,"Prioridade, Complexidade"
Casos_de_Uso_Lote_36.md,UC-351,Integrar metas com avaliação de desempenho,,RF,,,Válido,
Casos_de_Uso_Lote_36.md,UC-352,Gerenciar portfólio de projetos,,RF,,,Válido,
Casos_de_Uso_Lote_36.md,UC-353,Visualizar status de múltiplos projetos em painel consolidado,,RF,,,Válido,
Casos_de_Uso_Lote_36.md,UC-354,Alocar recursos (pessoas/equipamentos) entre projetos,,RF,,,Válido,
Casos_de_Uso_Lote_36.md,UC-355,Rastrear custos por projeto,,RF,,,Válido,
Casos_de_Uso_Lote_36.md,UC-356,Gerar relatório de rentabilidade/lucratividade de projetos,,RF,,,Válido,
Casos_de_Uso_Lote_36.md,UC-357,Estimar prazos de entrega baseados em performance histórica,,RF,,,Válido,
Casos_de_Uso_Lote_36.md,UC-358,Gerenciar riscos de projetos,,RF,,,Válido,
Casos_de_Uso_Lote_36.md,UC-359,Mitigar riscos cadastrados,,RF,,,Válido,
Casos_de_Uso_Lote_36.md,UC-360,Criar canal de comunicação direta por projeto,,RF,Alta,Alta,Incompleto,"Prioridade, Complexidade"
Casos_de_Uso_Lote_37.md,UC-361,Enviar mensagens de texto (chat),,RF,,,Válido,
Casos_de_Uso_Lote_37.md,UC-362,Enviar mensagens de voz,,RF,,,Válido,
Casos_de_Uso_Lote_37.md,UC-363,Realizar chamadas de áudio,,RF,,,Válido,
Casos_de_Uso_Lote_37.md,UC-364,Realizar chamadas de vídeo,,RF,,,Válido,
Casos_de_Uso_Lote_37.md,UC-365,Compartilhar tela durante chamadas,,RF,,,Válido,
Casos_de_Uso_Lote_37.md,UC-365,Gravar chamadas,,RF,,,Válido,
Casos_de_Uso_Lote_37.md,UC-367,Transcrever chamadas gravadas automaticamente,,RF,,,Válido,
Casos_de_Uso_Lote_37.md,UC-368,Criar salas de reunião virtuais,,RF,,,Válido,
Casos_de_Uso_Lote_37.md,UC-369,"Moderar salas de reunião (mutar, expulsar, etc.)",,RF,,,Válido,
Casos_de_Uso_Lote_37.md,UC-370,Compartilhar arquivos no chat,,RF,Alta,Média,Incompleto,"Prioridade, Complexidade"
Casos_de_Uso_Lote_38.md,UC-371,Gerenciar permissões de acesso a arquivos,,RF,,,Válido,
Casos_de_Uso_Lote_38.md,UC-372,Buscar mensagens/arquivos no histórico do chat,,RF,,,Válido,
Casos_de_Uso_Lote_38.md,UC-373,Criar canais de anúncio (apenas administradores postam),,RF,,,Válido,
Casos_de_Uso_Lote_38.md,UC-374,Integrar chat com tarefas e sprints,,RF,,,Válido,
Casos_de_Uso_Lote_38.md,UC-375,Receber notificações de atualização de tarefas no chat,,RF,,,Válido,
Casos_de_Uso_Lote_38.md,UC-376,Gerenciar calendário de equipe,,RF,,,Válido,
Casos_de_Uso_Lote_38.md,UC-377,Agendar reuniões e eventos no calendário,,RF,,,Válido,
Casos_de_Uso_Lote_38.md,UC-378,"Integrar calendário com ferramentas externas (Google Calendar, Outlook)",,RF,,,Válido,
Casos_de_Uso_Lote_38.md,UC-379,Visualizar disponibilidade de membros da equipe,,RF,,,Válido,
Casos_de_Uso_Lote_38.md,UC-380,Sincronizar fusos horários de membros da equipe,,RF,Alta,Média,Incompleto,"Prioridade, Complexidade"
Casos_de_Uso_Lote_39.md,UC-381,Gerenciar orçamento financeiro do projeto,,RF,,,Válido,
Casos_de_Uso_Lote_39.md,UC-382,Registrar receitas/faturamentos,,RF,,,Válido,
Casos_de_Uso_Lote_39.md,UC-383,Registrar despesas/custos,,RF,,,Válido,
Casos_de_Uso_Lote_39.md,UC-384,Categorizar transações financeiras (DRE),,RF,,,Válido,
Casos_de_Uso_Lote_39.md,UC-385,Fluxo de caixa do projeto,,RF,,,Válido,
Casos_de_Uso_Lote_39.md,UC-386,Emitir notas fiscais automaticamente,,RF,,,Válido,
Casos_de_Uso_Lote_39.md,UC-387,Integrar financeiro com contas bancárias (via API / Open Finance),,RF,,,Válido,
Casos_de_Uso_Lote_39.md,UC-388,Reconciliação bancária automática,,RF,,,Válido,
Casos_de_Uso_Lote_39.md,UC-389,"Gerar relatórios financeiros (DRE, Balanço, etc.)",,RF,,,Válido,
Casos_de_Uso_Lote_39.md,UC-390,Alertar sobre desvios orçamentários,,RF,Alta,Média,Incompleto,"Prioridade, Complexidade"
Casos_de_Uso_Lote_40.md,UC-391,Gerenciar contas a pagar e a receber,,RF,,,Válido,
Casos_de_Uso_Lote_40.md,UC-392,Prever fluxo de caixa futuro,,RF,,,Válido,
Casos_de_Uso_Lote_40.md,UC-393,Gerenciar notas de rodapé de textos,,RF,,,Válido,
Casos_de_Uso_Lote_40.md,UC-394,Criar referências cruzadas entre capítulos,,RF,,,Válido,
Casos_de_Uso_Lote_40.md,UC-395,"Estruturar enredo em atos (estrutura de 3 atos, etc.)",,RF,,,Válido,
Casos_de_Uso_Lote_40.md,UC-396,Definir jornada do herói (etapas),,RF,,,Válido,
Casos_de_Uso_Lote_40.md,UC-397,Gerenciar arcos dramáticos por personagem,,RF,,,Válido,
Casos_de_Uso_Lote_40.md,UC-398,Visualizar tensão/ritmo dramático da história (gráfico),,RF,,,Válido,
Casos_de_Uso_Lote_40.md,UC-399,Associar trilha sonora/música a cenas,,RF,,,Válido,
Casos_de_Uso_Lote_40.md,UC-400,"Exportar roteiro no formato padrão (Courier, etc.)",,RF,Alta,Alta,Incompleto,"Prioridade, Complexidade"
Casos_de_Uso_Lote_41.md,UC-401,Sugerir subversão de tropo identificado,,RF,,,Válido,
Casos_de_Uso_Lote_41.md,UC-402,Catalogar tropos usados por obra/universo,,RF,,,Válido,
Casos_de_Uso_Lote_41.md,UC-403,Criar sandbox de teste isolado do universo canônico,,RF,,,Válido,
Casos_de_Uso_Lote_41.md,UC-404,Testar alteração hipotética sem afetar dados originais,,RF,,,Válido,
Casos_de_Uso_Lote_41.md,UC-405,"Comparar resultado do ""e se"" com o universo canônico",,RF,,,Válido,
Casos_de_Uso_Lote_41.md,UC-406,Promover resultado do sandbox para o universo real,,RF,,,Válido,
Casos_de_Uso_Lote_41.md,UC-407,Identificar padrões recorrentes entre projetos diferentes,,RF,,,Válido,
Casos_de_Uso_Lote_41.md,UC-408,Alertar personagem/tema muito similar já usado em outro projeto,,RF,,,Válido,
Casos_de_Uso_Lote_41.md,UC-409,Sugerir cruzamento de universos (crossover) baseado em compatibilidade,,RF,,,Válido,
Casos_de_Uso_Lote_41.md,UC-410,"Gerar relatório de ""estilo autoral"" com base em todos os projetos",,RF,Média,Alta,Incompleto,"Prioridade, Complexidade"
Casos_de_Uso_Lote_42.md,UC-411,Sugerir trilha sonora baseada no tom emocional da cena,,RF,,,Válido,
Casos_de_Uso_Lote_42.md,UC-412,Gerar playlist automática por capítulo/humor,,RF,,,Válido,
Casos_de_Uso_Lote_42.md,UC-413,Associar som ambiente a local do universo,,RF,,,Válido,
Casos_de_Uso_Lote_42.md,UC-414,Salvar automaticamente sem perda de progresso em caso de queda de conexão (RNF),,RF,,,Válido,
Casos_de_Uso_Lote_42.md,UC-415,Criptografar dados sensíveis em trânsito (HTTPS/TLS) (RNF),,RF,,,Válido,
Casos_de_Uso_Lote_42.md,UC-416,Criptografar dados sensíveis em repouso (banco de dados) (RNF),,RF,,,Válido,
Casos_de_Uso_Lote_42.md,UC-417,Realizar backup periódico automático dos dados (RNF),,RF,,,Válido,
Casos_de_Uso_Lote_42.md,UC-418,Garantir isolamento de dados entre usuários/projetos (multi-tenancy seguro) (RNF),,RF,,,Válido,
Casos_de_Uso_Lote_42.md,UC-419,"Estar disponível pelo menos 99,5% do tempo (uptime) (RNF)",,RF,,,Válido,
Casos_de_Uso_Lote_42.md,UC-420,"Validar e sanitizar todas as entradas para evitar injeção de código (SQL Injection, XSS) (RNF)",,RF,Crítica,Média,Incompleto,"Prioridade, Complexidade"
Casos_de_Uso_Lote_43.md,UC-421,Autenticar todas as requisições sensíveis via token seguro (RNF),,RF,,,Válido,
Casos_de_Uso_Lote_43.md,UC-422,Limitar tentativas de login para evitar ataques de força bruta (RNF),,RF,,,Válido,
Casos_de_Uso_Lote_43.md,UC-423,Permitir recuperação de dados em caso de falha catastrófica (disaster recovery) (RNF),,RF,,,Válido,
Casos_de_Uso_Lote_43.md,UC-424,"Responder a ações críticas (salvar, editar) em menos de 1 segundo (RNF)",,RF,,,Válido,
Casos_de_Uso_Lote_43.md,UC-425,Suportar pelo menos X usuários simultâneos sem degradação perceptível de performance (RNF),,RF,,,Válido,
Casos_de_Uso_Lote_43.md,UC-426,Carregar a interface principal em menos de 3 segundos (RNF),,RF,,,Válido,
Casos_de_Uso_Lote_43.md,UC-427,Escalar horizontalmente conforme aumento de usuários/dados (RNF),,RF,,,Válido,
Casos_de_Uso_Lote_43.md,UC-428,Manter consistência dos dados em edição colaborativa em tempo real (RNF),,RF,,,Válido,
Casos_de_Uso_Lote_43.md,UC-429,"Ser responsivo (funcionar bem em desktop, tablet e mobile) (RNF)",,RF,,,Válido,
Casos_de_Uso_Lote_43.md,UC-430,"Ser compatível com os principais navegadores (Chrome, Firefox, Safari, Edge) (RNF)",,RF,Alta,Média,Incompleto,"Prioridade, Complexidade"
Casos_de_Uso_Lote_44.md,UC-431,Permitir uso funcional mesmo com internet instável (modo offline básico) (RNF),,RF,,,Válido,
Casos_de_Uso_Lote_44.md,UC-432,Seguir princípios de acessibilidade (WCAG) para leitores de tela e navegação por teclado (RNF),,RF,,,Válido,
Casos_de_Uso_Lote_44.md,UC-433,Possuir versionamento de API para evitar quebra de integrações existentes (RNF),,RF,,,Válido,
Casos_de_Uso_Lote_44.md,UC-434,Registrar logs de erro para diagnóstico rápido de falhas (RNF),,RF,,,Válido,
Casos_de_Uso_Lote_44.md,UC-435,Isolar falhas de módulos de IA sem derrubar o restante da aplicação (RNF),,RF,,,Válido,
Casos_de_Uso_Lote_44.md,UC-436,"Processar tarefas pesadas (IA, importação em lote) de forma assíncrona sem travar a interface (RNF)",,RF,,,Válido,
Casos_de_Uso_Lote_44.md,UC-437,Ter código modular e testável (arquitetura desacoplada) (RNF),,RF,,,Válido,
Casos_de_Uso_Lote_44.md,UC-438,Possuir cobertura de testes automatizados nas funcionalidades críticas (RNF),,RF,,,Válido,
Casos_de_Uso_Lote_44.md,UC-439,Permitir deploy contínuo sem downtime perceptível (RNF),,RF,,,Válido,
Casos_de_Uso_Lote_44.md,UC-440,Manter documentação técnica atualizada da arquitetura (RNF),,RF,Média,Média,Incompleto,"Prioridade, Complexidade"
Casos_de_Uso_Lote_45.md,UC-441,Seguir um design system consistente em toda a interface (RNF),,RF,,,Válido,
Casos_de_Uso_Lote_45.md,UC-442,Permitir customização de tema (claro/escuro) sem impacto de performance (RNF),,RF,,,Válido,
Casos_de_Uso_Lote_45.md,UC-443,Garantir que buscas retornem resultados relevantes em menos de 2 segundos (RNF),,RF,,,Válido,
Casos_de_Uso_Lote_45.md,UC-444,Suportar internacionalização (i18n) para múltiplos idiomas de interface (RNF),,RF,,,Válido,
Casos_de_Uso_Lote_45.md,UC-445,"Monitorar uso de recursos (CPU, memória, armazenamento) com alertas automáticos (RNF)",,RF,,,Válido,
Casos_de_Uso_Lote_45.md,UC-446,Permitir rollback rápido em caso de deploy com falha (RNF),,RF,,,Válido,
Casos_de_Uso_Lote_45.md,UC-447,Seguir padrões de conformidade legal (LGPD/GDPR) para dados pessoais (RNF),,RF,,,Válido,
Casos_de_Uso_Lote_45.md,UC-448,"Permitir customização visual avançada (ícones, cores, fontes) sem impacto em outras funcionalidades (RNF)",,RF,,,Válido,
Casos_de_Uso_Lote_45.md,UC-449,Oferecer exportação de dados em múltiplos formatos com qualidade visual consistente (RNF),,RF,,,Válido,
Casos_de_Uso_Lote_45.md,UC-450,Manter compatibilidade retroativa com versões antigas de exportação/importação (RNF),,RF,Média,Alta,Incompleto,"Prioridade, Complexidade"
Casos_de_Uso_Lote_46.md,UC-451,Permitir integração futura com plugins de terceiros sem reescrita do núcleo (RNF),,RF,,,Válido,
Casos_de_Uso_Lote_46.md,UC-452,"Otimizar uso de armazenamento (compressão de imagens, textos) (RNF)",,RF,,,Válido,
Casos_de_Uso_Lote_46.md,UC-453,Oferecer sugestões de performance ao usuário (RNF),,RF,Baixa,Baixa,Incompleto,"Prioridade, Complexidade"
